1MO,3MO,6MO,1YR,2YR,3YR,5YR,7YR,10YR,20YR,30YR
0.48104606918292814,0.41606468910506866,0.3705276244029042,0.397753085713967,0.4460598928924617,0.5353220544391857,0.5658559423249543,0.5635791090970991,0.5696429533242102,0.46570601486670615,0.4284297486295307
0.5425566004380123,0.5553455053775285,0.6183225121628244,0.6882913006589422,0.7648248605037633,0.8410335471303647,0.8980653901318225,0.8338806820655806,0.824961755939934,0.7499999452801923,0.7002135028280025
0.7978508397056393,0.8762389488417024,0.9846954029860828,1.036494119822634,1.0318640700230126,1.0632669340188177,1.048854616855853,0.9339163473468898,0.8826609061201426,0.7911442634610437,0.7017640825949892
1.9337294154440803,2.0633545233570825,2.1459363844405277,2.1093739576912824,1.911071175804523,1.7973376975089652,1.5387585048145371,1.2831235524444566,1.0237867242541532,0.8415874513264342,0.6432197888594593
